{
    "LinearRegression": {
        "MAE": 5.474128591558544,
        "RMSE": 12.295410870150965,
        "R2": 0.9166136619156375
    },
    "RandomForest": {
        "MAE": 0.10065146417765088,
        "RMSE": 2.0778330597911654,
        "R2": 0.9976186122560723
    },
    "GradientBoosting": {
        "MAE": 0.27389024255507316,
        "RMSE": 2.073909111562772,
        "R2": 0.9976275981741414
    }
}